{"cameraMode":{"drawMode":0,"name":"Shaded","section":"Shading Mode"},"sceneLighting":true,"audioPlay":false,"sceneViewState":{"showFog":true,"showMaterialUpdate":true,"showSkybox":true,"showFlares":true,"showImageEffects":true,"showParticleSystems":true},"in2DMode":false,"pivot":{"x":171.8969268798828,"y":249.20834350585938,"z":0.0},"rotation":{"x":0.26323258876800539,"y":-0.11972932517528534,"z":0.03294290229678154,"w":0.9567078351974487},"size":483.5392761230469,"orthographic":true}